t_min,cgm_true,cgm_twin,cgm_true_cf,cgm_twin_cf
0.0,165.7939493687905,138.41850466320636,165.7939493687905,138.41850466320636
3.0,161.58202232204695,138.5684308644207,161.58202232204695,138.5684308644207
6.0,159.23937324662245,138.71826570151225,159.23937324662245,138.71826570151225
9.0,157.47270951030134,138.8680091102148,157.47270951030134,138.8680091102148
12.0,156.10895023557381,139.01766111234556,156.10895023557381,139.01766111234556
15.0,154.97501455537628,139.16722167019768,154.97501455537628,139.16722167019768
18.0,153.89782161722897,139.31669090767502,153.89782161722897,139.31669090767502
21.0,152.70429058588806,139.4660689063921,152.70429058588806,139.4660689063921
24.0,151.22134064452328,139.6153557285961,151.22134064452328,139.6153557285961
27.0,149.3112895614478,139.76455143369105,149.3112895614478,139.76455143369105
30.0,147.04884652306305,139.9136561357485,147.04884652306305,139.9136561357485
33.0,144.82730783254468,140.06266982371997,144.82730783254468,140.06266982371997
36.0,143.11076694017203,140.21159254693472,143.11076694017203,140.21159254693472
39.0,142.3633173073627,140.3604243689634,142.3633173073627,140.3604243689634
42.0,142.97394152620524,140.5091653496057,142.97394152620524,140.5091653496057
45.0,144.88095692708504,140.65781558726118,144.88095692708504,140.65781558726118
48.0,147.3466829423464,140.80637510739652,147.3466829423464,140.80637510739652
51.0,149.4832172498668,140.95484393692107,149.4832172498668,140.95484393692107
54.0,150.40265752691613,141.10322214020655,150.40265752691613,141.10322214020655
57.0,149.33267994414123,141.2515097774096,149.33267994414123,141.2515097774096
60.0,146.19443164329746,141.3997069064419,146.19443164329746,141.3997069064419
63.0,141.94926622341876,141.54781366547434,141.94926622341876,141.54781366547434
66.0,137.78969426834107,141.6958299826658,137.78969426834107,141.6958299826658
69.0,134.90822635385112,141.84375594671363,134.90822635385112,141.84375594671363
72.0,134.36719464332197,141.99159161856215,134.36719464332197,141.99159161856215
75.0,136.44786086963137,142.1393370564829,136.44786086963137,142.1393370564829
78.0,140.2598811241916,142.28699238602243,140.2598811241916,142.28699238602243
81.0,144.65255468086588,142.43455756391054,144.65255468086588,142.43455756391054
84.0,148.47518080265314,142.5820326616268,148.47518080265314,142.5820326616268
87.0,150.68368951305538,142.72941774060894,150.68368951305538,142.72941774060894
90.0,150.87379545358036,142.87671285932015,150.87379545358036,142.87671285932015
93.0,149.60089019832793,143.02391813587116,149.60089019832793,143.02391813587116
96.0,147.63362685359678,143.17103354327287,147.63362685359678,143.17103354327287
99.0,145.7406585150966,143.3180591434168,145.7406585150966,143.3180591434168
102.0,144.62439439243326,143.4649949978874,144.62439439243326,143.4649949978874
105.0,144.5897804304384,143.61184116515233,144.5897804304384,143.61184116515233
108.0,145.34556768214705,143.75859776030788,145.34556768214705,143.75859776030788
111.0,146.46801943983093,143.90526476208643,146.46801943983093,143.90526476208643
114.0,147.53339898704942,144.05184222939226,147.53339898704942,144.05184222939226
117.0,148.15593681318563,144.19833022364196,148.15593681318563,144.19833022364196
120.0,148.17766668427055,144.34472880313987,148.17766668427055,144.34472880313987
123.0,147.78232728568017,144.49103808355542,147.78232728568017,144.49103808355542
126.0,147.22959172415543,144.6372580407312,147.22959172415543,144.6372580407312
129.0,146.77913310016356,144.78338873597735,146.77913310016356,144.78338873597735
132.0,146.6906245083933,144.92943023029244,146.6906245083933,144.92943023029244
135.0,147.2237390382437,145.07538258167548,147.2237390382437,145.07538258167548
138.0,148.63814977430397,145.22124590895373,148.63814977430397,145.22124590895373
141.0,151.19352979682236,145.36702017884528,151.19352979682236,145.36702017884528
144.0,155.1495521821616,145.51270545893863,155.1495521821616,145.51270545893863
147.0,156.34216761075876,145.65830180962166,156.34216761075876,145.65830180962166
150.0,150.47302614459056,145.80380928851412,150.47302614459056,145.80380928851412
153.0,146.2130078032552,145.9492280193466,146.2130078032552,145.9492280193466
156.0,143.31887584650948,146.09455795549053,143.31887584650948,146.09455795549053
159.0,141.5473935322595,146.2397991734198,141.5473935322595,146.2397991734198
162.0,140.6553241169133,146.38495173280134,140.6553241169133,146.38495173280134
165.0,140.39943085571485,146.53001571967465,140.39943085571485,146.53001571967465
168.0,140.53647700305885,146.6749911776237,140.53647700305885,146.6749911776237
171.0,140.82322581278657,146.819878127152,140.82322581278657,146.819878127152
174.0,141.01644053846348,146.9646766304366,141.01644053846348,146.9646766304366
177.0,140.90485491254586,147.10938674590895,140.90485491254586,147.10938674590895
180.0,140.46902554116227,147.25400857772325,140.46902554116227,147.25400857772325
183.0,139.977243341061,147.39854212383625,139.977243341061,147.39854212383625
186.0,139.76174018745996,147.54298743394895,139.76174018745996,147.54298743394895
189.0,140.15474795642024,147.68734456847315,140.15474795642024,147.68734456847315
192.0,141.43864548931526,147.83161358484432,141.43864548931526,147.83161358484432
195.0,143.5966934144651,147.97579460209423,143.5966934144651,147.97579460209423
198.0,146.16347504016596,148.11988758062935,146.16347504016596,148.11988758062935
201.0,148.57386760475381,148.2638925941093,148.57386760475381,148.2638925941093
204.0,150.26274834813034,148.40780970150553,150.26274834813034,148.40780970150553
207.0,150.72731818432862,148.55163899512718,150.72731818432862,148.55163899512718
210.0,149.83872006391283,148.69538049917546,149.83872006391283,148.69538049917546
213.0,148.0290099914439,148.83903424796878,148.0290099914439,148.83903424796878
216.0,145.85489131831707,148.98260030215192,145.85489131831707,148.98260030215192
219.0,143.87306739789796,149.12607871915975,143.87306739789796,149.12607871915975
222.0,142.58883874553038,149.26946961324032,142.58883874553038,149.26946961324032
225.0,142.1990888383664,149.41277295364299,142.1990888383664,149.41277295364299
228.0,142.4380755952727,149.55598880951482,142.4380755952727,149.55598880951482
231.0,142.93725125715014,149.69911723952106,142.93725125715014,149.69911723952106
234.0,143.328068067036,149.84215833746765,143.328068067036,149.84215833746765
237.0,143.27706975210674,149.9851121212738,143.27706975210674,149.9851121212738
240.0,142.6613489336443,150.12797863020864,142.6613489336443,150.12797863020864
243.0,141.67382157301176,150.27075792415175,141.67382157301176,150.27075792415175
246.0,140.57758659770138,150.41345006001006,140.57758659770138,150.41345006001006
249.0,139.6357429373388,150.55605515592654,139.6357429373388,150.55605515592654
252.0,139.09174570746296,150.69857316895934,139.09174570746296,150.69857316895934
255.0,139.071187128484,150.84100417676825,139.071187128484,150.84100417676825
258.0,139.52286507704616,150.98334823711653,139.52286507704616,150.98334823711653
261.0,140.35628979943348,151.12560545323672,140.35628979943348,151.12560545323672
264.0,141.48097154394998,151.2677758173151,141.48097154394998,151.2677758173151
267.0,142.8041132490266,151.409859385641,142.8041132490266,151.409859385641
270.0,144.21907398388248,151.55185621675747,144.21907398388248,151.55185621675747
273.0,145.59844701290586,151.69376640197572,145.59844701290586,151.69376640197572
276.0,146.81021097864254,151.83558996158465,146.81021097864254,151.83558996158465
279.0,147.72234452547843,151.9773269348075,147.72234452547843,151.9773269348075
282.0,148.2028262995986,152.11897738079682,148.2028262995986,152.11897738079682
285.0,148.11963494894542,152.26054138230353,148.11963494894542,152.26054138230353
288.0,147.3407491231757,152.40201897963397,147.3407491231757,152.40201897963397
291.0,145.7341474736172,152.54341019996144,145.7341474736172,152.54341019996144
294.0,143.16780865322477,152.68471510282177,143.16780865322477,152.68471510282177
297.0,141.6560926111091,152.82593374470684,141.6560926111091,152.82593374470684
300.0,143.67499526744757,152.96706624097942,143.67499526744757,152.96706624097942
303.0,145.7484506206577,153.10811255025797,145.7484506206577,153.10811255025797
306.0,147.82077530257274,153.24907275097175,147.82077530257274,153.24907275097175
309.0,149.8362859464296,153.38994689991603,149.8362859464296,153.38994689991603
312.0,151.73929918682464,153.5307351062537,151.73929918682464,153.5307351062537
315.0,153.47413165966955,153.67143734254876,153.47413165966955,153.67143734254876
318.0,154.98510000214753,153.8120536790126,154.98510000214753,153.8120536790126
321.0,156.21652085267033,153.9525841726014,156.21652085267033,153.9525841726014
324.0,157.1127108508354,154.09302892856368,157.1127108508354,154.09302892856368
327.0,157.63334307261354,154.2333879278733,157.63334307261354,154.2333879278733
330.0,157.83022920645502,154.37366123594018,157.83022920645502,154.37366123594018
333.0,157.8933888589376,154.51384890973105,157.8933888589376,154.51384890973105
336.0,158.04355450811988,154.65395105267515,158.04355450811988,154.65395105267515
339.0,158.50145863304286,154.79396764902663,158.50145863304286,154.79396764902663
342.0,159.4524843554541,154.93389876256526,159.4524843554541,154.93389876256526
345.0,160.8699186485807,155.07374445012067,160.8699186485807,155.07374445012067
348.0,162.40890426237942,155.21350481510305,162.40890426237942,155.21350481510305
351.0,163.65388523116548,155.35317984061652,163.65388523116548,155.35317984061652
354.0,164.18930559005332,155.49276959154614,164.18930559005332,155.49276959154614
357.0,163.64994202314966,155.63227412445818,163.64994202314966,155.63227412445818
360.0,161.97256710465498,155.7716935441914,161.97256710465498,155.7716935441914
363.0,159.5469472435127,155.91102782911605,159.5469472435127,155.91102782911605
366.0,156.86351414578854,156.05027704742955,156.86351414578854,156.05027704742955
369.0,154.41269951818623,156.1894412553332,154.41269951818623,156.1894412553332
372.0,152.63856513439993,156.32852056019524,152.63856513439993,156.32852056019524
375.0,151.70695316699545,156.46751493292177,151.70695316699545,156.46751493292177
378.0,151.3663763865286,156.6064244466953,151.3663763865286,156.6064244466953
381.0,151.2726076968442,156.74524918004647,151.2726076968442,156.74524918004647
384.0,151.08142000228605,156.88398917492015,151.08142000228605,156.88398917492015
387.0,150.48063870329648,157.022644460846,150.48063870329648,157.022644460846
390.0,149.35040417451555,157.16121509554748,149.35040417451555,157.16121509554748
393.0,147.85932925163166,157.299701167465,147.85932925163166,157.299701167465
396.0,146.2401317619859,157.4381026925298,146.2401317619859,157.4381026925298
399.0,144.7255295333004,157.57641971679251,144.7255295333004,157.57641971679251
402.0,143.5331918146013,157.71465229694712,143.5331918146013,157.71465229694712
405.0,142.79049638091726,157.8528005303755,142.79049638091726,157.8528005303755
408.0,142.48938379609143,157.9908644094697,142.48938379609143,157.9908644094697
411.0,142.59169746615567,158.1288439952025,142.59169746615567,158.1288439952025
414.0,143.05928079742463,158.26673934334096,143.05928079742463,158.26673934334096
417.0,143.84840622440436,158.40455055927737,143.84840622440436,158.40455055927737
420.0,144.88192034940587,158.5422776142268,144.88192034940587,158.5422776142268
423.0,146.03255138044423,158.9512531278081,146.03255138044423,158.9512531278081
426.0,147.16252490668828,160.48332414058189,147.16252443950066,160.4829802994142
429.0,148.13757542668557,162.86658059026698,148.13755027492476,162.85751207182872
432.0,148.83106503121513,165.62364854189303,148.83080540879433,165.57154331935897
435.0,149.12426662290684,168.3750276771709,149.12295467712812,168.21216886339624
438.0,148.90174861803976,170.83642514044024,148.89741381111617,170.46536063515367
441.0,148.0450782141217,172.80771312062757,148.03414971079104,172.10966356650482
444.0,146.4294159544509,174.15921994410078,146.4064488763273,173.0037741709287
447.0,145.11270704361885,174.81818410970843,145.07028223644718,173.0726424104582
450.0,145.51629251903677,174.77455397402426,145.44506281096713,172.70483496288227
453.0,145.9058529264109,174.57573708680982,145.79470159732068,172.33413958339534
456.0,146.28217047180877,174.35850776816045,146.11844858436132,171.83620738707356
459.0,146.64235796822123,174.02658915732152,146.41217148068725,171.15543439896234
462.0,146.9806850748744,173.53879955521103,146.6692079530578,170.27761997469747
465.0,147.28916515340907,172.88511752791695,146.88095993096547,169.21140047447557
468.0,147.55796313844255,172.0725446087261,147.0372950711066,167.97711359827585
471.0,147.77578450403945,171.11672651927708,147.12691946669509,166.60011981670988
474.0,147.9304723189293,170.03702810722834,147.13795188803417,165.10692187328107
477.0,148.00937163525975,168.85371159365684,147.05826140874296,163.52298314929956
480.0,147.99758519210752,167.58636604856255,146.87369435068908,161.87158862743476
483.0,147.87758564862304,166.25308892612733,146.5676570876751,160.1733463115109
486.0,147.6347841823519,164.87011408787416,146.12665531070553,158.44606400290644
489.0,147.2594897304328,163.45171004935906,145.54222437207383,156.70485005138477
492.0,146.75272641859476,162.01022796768274,144.81671834239768,154.96232771176778
495.0,146.15428576392867,160.55622391303683,143.99133438439517,153.22889443737648
498.0,145.55909124505766,159.09862343656417,143.16245011748492,151.5129990451824
501.0,145.07659110703176,157.6448991228788,142.4409900500804,149.82141032223686
504.0,144.81854113593948,156.20124633055343,141.94018315615162,148.1594653205215
507.0,144.8772149308939,154.77274896664818,141.75374955678637,146.53129201294792
510.0,145.2197127473885,153.36353081338726,141.85018784469415,144.94000452603498
513.0,145.62440796131506,151.97689162543534,142.00920253421327,143.38787238830082
516.0,145.8275587692423,150.61542723890864,141.96829960470342,141.87646522584362
519.0,145.56501542939918,149.28113465260532,141.46448067971926,140.40677560210662
522.0,144.6054339161533,147.9755032671392,140.26744682281898,138.97932266920625
525.0,142.91723677721188,146.69959365620548,138.34655271752146,137.59423922030348
528.0,140.7687997887398,145.45410528082812,135.97098968725166,136.25134453477187
531.0,138.49451059740653,144.23943450620038,133.4758435074019,134.95020515688577
534.0,136.42794635259668,143.0557241823562,131.19527370262117,133.69018548408624
537.0,134.88020607394458,141.90290592987935,129.4408497164473,132.47048978502255
540.0,134.0314488351288,140.78073614570158,128.39309465220256,131.29019703209238
543.0,133.8658445927781,139.68882662089828,128.0364430290199,130.1482897231316
546.0,134.3235503375554,138.626670547283,128.31122485927125,129.04367768332156
549.0,135.34417649332627,137.59366458495094,129.1571406296939,127.97521768023275
552.0,136.8586498160677,136.58912756956533,130.50513313038363,126.9417295500718
555.0,138.74828165262315,135.61231635601533,132.2364647256749,125.94200941903048
558.0,140.8202286094498,134.6624392234413,134.1581868945441,124.97484050749134
561.0,142.86492903578397,133.73866720462928,136.06058526572556,124.03900192417238
564.0,144.67254516688146,132.840143649396,137.73362985508254,123.13327578978993
567.0,146.0474217026042,131.96599228580567,138.98144118008332,122.25645297342034
570.0,146.88020753526303,131.11532400390988,139.69441889835747,121.40733767769535
573.0,147.19113909211728,130.2872425532874,139.89253139770057,120.58475106973046
576.0,147.02914990586612,129.48084931718992,139.62443093709777,119.7875341219841
579.0,146.44306019330907,128.6952473018584,138.93864812498285,119.01454979999099
582.0,145.48159556735808,127.92954445895228,137.88361488162369,118.26468471118835
585.0,144.19340085776238,127.18285644149555,136.50768189467564,117.53685031010765
588.0,142.62704878640227,126.45430887882362,134.85913035617506,116.8299837393945
591.0,140.83104318153613,125.74303924333174,132.98617771376198,116.14304837292694
594.0,138.85381638407677,125.04819837103125,130.93697714131252,115.47503411628006
597.0,137.14696933570988,124.36895168873771,129.1628592727168,114.82495751057951
600.0,135.90593995910058,123.70448019289469,127.85900186327049,114.19186167808371
603.0,133.92805496598092,123.05398121838076,125.82248256775247,113.57481614139768
606.0,131.46476937576932,122.41666902996981,123.3045191691375,112.97291654282655
609.0,128.76736155243776,121.79177526428116,120.55616511406856,112.38528428586649
612.0,126.08689712237262,121.17854924592653,117.8282737624885,111.81106611704618
615.0,123.67419162936243,120.57625819804079,115.37146124760213,111.24943366316644
618.0,121.77977496324772,119.9841873643774,113.43607101723867,110.69958293632837
621.0,120.6538611732771,119.40163995393972,112.27214369579002,110.16073369759638
624.0,120.54632751655706,118.82793732048383,112.12939613802837,109.63212914813619
627.0,121.66222262551273,118.26241883172275,113.21272957179538,109.11303531429466
630.0,123.93935543175982,117.70444174289878,115.45981847195644,108.6027404845243
633.0,126.91486866078412,117.15338105570365,118.40768397721925,108.1005546719258
636.0,130.0366664904426,116.6086293497282,121.504121433193,107.60580908355637
639.0,132.75243862047364,116.06959659156739,124.19672429403664,107.11785559883634
642.0,134.55584194634113,115.53570992600163,125.97906555819904,106.63606625895065
645.0,135.21714321153507,115.00641345301395,126.62134009414854,106.15983276869044
648.0,134.92163674026898,114.4811679938016,126.30878194203099,105.688566011778
651.0,133.94692453593626,113.95945084842421,125.3189438651726,105.22169558036907
654.0,132.57075685622127,113.44075554727885,123.92953725717709,104.75866931913615
657.0,131.05563026548487,112.92459159821017,122.40302940735344,104.29895288409591
660.0,129.57153603025415,112.41048423073546,120.9093909997944,103.84202931614887
663.0,128.14961436026468,111.89797413858626,119.4797493647482,103.38739862914105
666.0,126.79038977615298,111.38661722153431,118.11462278498934,102.93457741213368
669.0,125.49469765513412,110.8759843272685,116.81484593385406,102.48309844546601
672.0,124.27993405557984,110.36566099392559,115.59781857305664,102.03251033012496
675.0,123.26130676839935,109.85524729357115,114.57875548545726,101.58237723924594
678.0,122.70057465794144,109.34435738619015,114.01942473124515,101.13227836445361
681.0,122.89225737669088,108.8326193354276,114.2143563347627,100.68180765534724
684.0,124.13110414834978,108.3196748814817,115.45831011582735,100.23057352275875
687.0,126.65496590214724,107.80517919047023,117.98914696345108,99.77819852473274
690.0,130.35926770494837,107.28880060659704,121.70230050919554,99.32431906287653
693.0,134.6256811632162,106.77022040665926,125.97944887860024,98.86858508800864
696.0,138.72179579779325,106.24913255679968,130.08818552607323,98.41065981444711
699.0,141.9152932064938,105.72524347148938,133.29619296717686,97.9502194423999
702.0,143.54933417929254,105.19827177414776,134.94662956911125,97.48695288732509
705.0,143.41958991866522,104.66919721843202,134.83516054564976,97.02056151622088
708.0,142.00045469770566,104.2106339730841,133.43617048111832,96.55075889015276
711.0,139.91715627643424,103.83616676471381,131.37487369462474,96.07727051252597
714.0,137.79492089835938,103.51563894623796,129.27647925671104,95.59983358263788
717.0,136.21152675479274,103.23473760231994,127.71874453578496,95.11819675093894
720.0,135.46012100616312,102.98627168800768,126.99479235352625,94.65197793887653
723.0,135.40604980590166,103.17001552684773,126.96994118678447,94.6809929171184
726.0,135.81768826313518,104.95041987924719,127.41253501454912,96.31428040271581
729.0,136.46768141446296,107.79155160194996,128.0951659884663,98.9695662887933
732.0,137.14184482849925,111.02382636017812,128.80346214741172,101.95528785624083
735.0,137.6341520236254,114.19799877899197,129.33086464573756,104.85753203168618
738.0,137.74356023216288,117.03267735835082,129.47536289628437,107.73223696328907
741.0,137.27171748759343,119.76273677147194,129.03729219637395,110.47518407308942
744.0,136.0177004165024,122.384241496965,127.81422070540566,112.98805190772124
747.0,134.77661343311416,124.78879173162905,126.59969121916153,115.21764400326418
750.0,134.6272626461797,126.92325872176028,126.47100956674319,117.13921900464621
753.0,134.04225719535975,128.7661774428035,125.8994279532954,118.74701193668447
756.0,133.14997753187578,130.31507774187673,125.01216556826985,120.04821064451187
759.0,132.0712664929146,131.57919200242853,123.92912791178392,121.05870428217648
762.0,130.92058179968487,132.57494899789225,122.76406968373291,121.79994557588168
765.0,129.8069396106791,133.3229831328651,121.62553661896945,122.2965513340872
768.0,128.83471332119336,133.8460814979572,120.61765528443712,122.57450183884038
771.0,128.1045341351769,134.1677464649528,119.8410211142313,122.65981972945956
774.0,127.71462807432502,134.31119752836136,119.3940219918927,122.5776425199344
777.0,127.74691520985348,134.298699486397,119.35892467690614,122.35161408388058
780.0,128.19009076649405,134.1511360332747,119.72494407761516,122.00352477477999
783.0,128.8945014118125,133.88776475273448,120.34310795912259,121.55313719055805
786.0,129.68530603954343,133.52610543001578,121.03940490119678,121.01814267993267
789.0,130.39533131847725,133.08192958759926,121.64762404611832,120.41421840841333
792.0,130.87968259115098,132.56931196349174,122.02394584566792,119.75513898039875
795.0,131.08745453458772,132.0007178919885,122.11862764820268,119.0529165702483
798.0,131.10402784941812,131.38711855766047,122.01827079674743,118.31796089796929
801.0,131.04849427693014,130.73811783306707,121.84321281699945,117.55924285088369
804.0,131.0433936102261,130.06208217582707,121.71723023180843,116.78445388865272
807.0,131.20194924095145,129.36626780943868,121.7547406526584,116.00015633860453
810.0,131.56930023656983,128.65694123179964,122.00200416226915,115.21192162609815
813.0,132.08703067566896,127.93949182511942,122.40162639512855,114.42445603569115
816.0,132.6733613111897,127.21853474360856,122.87272957459845,113.64171311745145
819.0,133.24578968382232,126.49800406349968,123.33357827143917,112.86699343729964
822.0,133.72939694233173,125.78123636901614,123.70987825875056,112.10303247395755
825.0,134.09970589403596,125.0710452465771,123.9776326561249,111.35207765675185
828.0,134.40842077873322,124.36978732802781,124.18888518331221,110.61595561010176
831.0,134.72316843741328,123.67942060390702,124.4114692954453,109.89613066663834
834.0,135.11032585840988,123.00155574963729,124.71184716791436,109.1937556618595
837.0,135.62210486994564,122.33750119216486,125.14220826559517,108.50971594929143
840.0,136.23169196761575,121.68830260670984,125.67562450578725,107.84466748962375
843.0,136.7943832906375,121.05477748296866,126.1672011569483,107.1990697787088
846.0,137.1386406321707,120.43754534410986,126.4451486255563,106.5732142928902
849.0,137.09218829306718,119.8370541446125,126.33689435957022,105.96724904885895
852.0,136.5077359592484,119.2536033172016,125.69481961908843,105.38119980068394
855.0,135.3911501463952,118.68736388647011,124.52444336872628,104.81498832944868
858.0,133.97838944999057,118.13839601813915,123.06136836381984,104.26844822106719
861.0,132.55629176147096,117.60666432867022,121.5920775280886,103.74133847504345
864.0,131.41142136017245,117.09205124016634,120.40278855090025,103.23335524065746
867.0,130.79880687100206,116.59436863002912,119.7481977738048,102.74414193671656
870.0,130.7853604081243,116.11336799342081,119.69490380936452,102.27329797597173
873.0,131.15594234552262,115.64874930888102,120.02747548323504,101.82038628495793
876.0,131.63269087981357,115.20016877312185,120.46778342952797,101.38493978379839
879.0,131.93770609623044,114.76724554972454,120.73768521957871,100.9664669678904
882.0,131.79307070568845,114.34956765784335,120.55904635835174,100.56445671389349
885.0,130.9208621228887,113.9466971107844,119.65375197667052,100.17838241564209
888.0,129.0431556882881,113.55817440017559,117.74370916890098,99.80770554114659
891.0,125.8820187202634,113.18352240912036,114.55083979593593,99.45187868939163
894.0,121.15949502143125,112.82224982700595,109.79706349694962,99.1103482149209
897.0,117.87325203155524,112.47385412930704,106.4799432079076,98.78255647896229
900.0,119.73239906669414,112.13782417760937,108.30850171861948,98.46794377789095
903.0,121.4094657922316,111.81364248801634,109.95519849542895,98.16594999296831
906.0,122.86317333517366,111.50078720995774,111.3786992423936,97.87601599937922
909.0,124.05199731858664,111.1987338520703,112.53743753974473,97.59758486748373
912.0,124.9341017401521,110.90695678716307,113.38954752598997,97.3301028847883
915.0,125.46727235249737,110.62493056422235,113.89279631369271,97.07302042333255
918.0,125.60885472006399,110.35213105187496,114.00452133307749,96.82579267388779
921.0,125.31570296477753,110.08803643464373,113.68157862082796,96.58788026551343
924.0,124.54414545220143,109.83212808063838,112.88030829525123,96.35874978654294
927.0,123.26872665318061,109.58389129697505,111.57527642579512,96.13787422093043
930.0,121.57599005325366,109.34281598716532,109.85305812570303,95.92473331202974
933.0,119.72078255116963,109.10839718973543,107.96854225061992,95.71881382836462
936.0,117.995050849232,108.8801356004507,106.21372813546782,95.519609839187
939.0,116.69042959331097,108.65753806043969,104.88031404998105,95.32662297887035
942.0,116.06310415472268,108.44011788553567,104.22456018675872,95.13936256218003
945.0,116.15768249787999,108.22739519042062,104.29116055328097,94.95734571547749
948.0,116.70156916756068,108.0188971702795,104.8076167416717,94.78009748126794
951.0,117.35183532193636,107.81415834494896,105.43110746003126,94.60715089986475
954.0,117.76582486612959,107.61272077018778,105.81909385902227,94.43804707173365
957.0,117.64035874219067,107.41413422019161,105.66852271098725,94.27233520367625
960.0,116.90738362144353,107.21795634497303,104.91147371038582,94.10957264158648
963.0,115.85136660051684,107.02375280576284,103.83255253818646,93.94932489212471
966.0,114.83550663874365,106.8310973911741,102.79510048332412,93.79116563530557
969.0,114.22350798237214,106.63957211650424,102.16296593108407,93.63467672969067
972.0,114.34178654110681,106.44876730822791,102.26270875209747,93.479448211611
975.0,115.29053094565236,106.25828167545086,103.19465938771305,93.32507828961116
978.0,116.83031914557938,106.06772236984716,104.7195335530451,93.17117333510576
981.0,118.64655718814294,105.87670503538543,106.52286925216586,93.01734787006268
984.0,120.42499868363808,105.68485384895975,108.2905446547461,92.86322455237502
987.0,121.8995985846349,105.49180162582086,109.75663049412546,92.70843423327322
990.0,123.09197632798977,105.29718972674122,110.94285205716994,92.55261582110182
993.0,124.45507552719985,105.10066808489972,112.30224796435911,92.39541626983979
996.0,126.53780222503012,104.90189525460794,114.38380775141584,92.2364905959694
999.0,129.88917842725846,104.70053841792773,117.73662496661626,92.07550185830672
1002.0,134.94957242598204,104.49627338620013,122.80112727898255,91.91212113721018
1005.0,141.50700591694158,104.28878459660375,129.36538358361994,91.74602751312561
1008.0,148.37092895156718,104.07776510436817,136.23887912325603,91.57690804488257
1011.0,154.13331727036822,103.86291657063215,142.01361314887183,91.4044577475046
1014.0,157.3861144372242,103.64394924571104,145.28154151434143,91.2283795690462
1017.0,156.86523494214038,103.42058194844918,144.7785803480777,91.04838436692712
1020.0,152.17065444217485,103.19254204157879,140.10469694767747,90.8641908834708
1023.0,144.19846118837782,102.95956540316786,132.15596192313336,90.67552572052602
1026.0,134.13270080183014,102.72139639421822,122.11639473128102,90.48212331303894
1029.0,123.15732814149112,102.47778782246034,111.169916325889,90.28372590143404
1032.0,112.45620313399385,102.228500902378,100.50034577748072,90.08008350265908
1035.0,103.2130883924523,101.9733052114876,91.29139867618944,89.87095387974551
1038.0,96.61164835011955,101.71206339238904,84.72668703196048,89.6561025097369
1041.0,93.83544965937384,101.51318427855301,81.98972041318244,89.43530254983943
1044.0,96.06796263183689,101.39538872387736,84.26390809213741,89.20833480165257
1047.0,99.77897512353805,101.32476456233859,88.01897359557393,88.97498767334305
1050.0,98.78150642817769,101.28694283020282,87.06786921945566,88.73505713864789
1053.0,97.98047421429578,101.27542904178742,86.31544354110645,88.51983785478748
1056.0,97.38268702822867,101.28705054733314,85.76843444926698,88.39614255979238
1059.0,96.99487373475384,101.3200286852398,85.43349906362693,88.32614316446517
1062.0,96.82368781080247,101.37317559869152,85.3172184597305,88.29053173358338
1065.0,96.87571173564928,101.44556192185092,85.42610244387765,88.2811914289497
1068.0,97.15746141169477,101.53638050815121,85.76659431389622,88.29440041412512
1071.0,97.67539056191723,101.64488241448981,86.34507555403965,88.32821082166252
1074.0,98.43589506048056,101.7703579024356,87.16787042297943,88.38142511602963
1077.0,99.4412432822412,101.91212436410325,88.23717652332294,88.4531437056479
1080.0,100.66921080513643,102.06952148133489,89.53069968945114,88.5425990705536
1083.0,102.06024786076708,102.69732950305584,90.98882159315363,89.09941947800083
1086.0,103.54519227589458,105.08145711093877,92.54231258066096,91.36895406236559
1089.0,105.05879910455317,108.58338956443586,94.12584791055342,94.68305038985537
1092.0,106.53815217444509,112.45940275694855,95.67633653123389,98.29303832863968
1095.0,107.8716843783849,116.22733986400249,97.08178630365967,101.7148314001905
1098.0,108.86785539512624,119.5685257178004,98.14991282212668,104.6605516416083
1101.0,109.32012842413127,122.41329120292114,98.67318017319565,107.52370595978623
1104.0,109.02282461780203,125.24318189851438,98.444763087312,110.2957449996705
1107.0,107.80639664197919,127.92628705156753,97.29392271747798,112.83092533444932
1110.0,105.739923091918,130.3493826940625,95.28858065478441,115.06420871279143
1113.0,103.25405869251367,132.46504401602587,92.85832286110809,116.97213045037206
1116.0,100.85201829758671,134.26032203418754,90.5054147402526,118.55422664715589
1119.0,99.02800781454239,135.74110284211883,88.72324625120572,119.82340355366993
1122.0,98.22939183290448,136.92384207408057,87.95850301374742,120.80042411881946
1125.0,98.6622895258563,137.83080693145627,88.41676036686417,121.51040329002245
1128.0,100.17516582746116,138.48716328458556,89.94607148399552,121.98045931820897
1131.0,102.53340465917822,138.91909517324015,92.31153903965841,122.23809791392736
1134.0,105.498594310783,139.15256239700918,95.27460198126954,122.3101074312373
1137.0,108.83197302027901,139.21249053327503,98.59648575156118,122.22183673847701
1140.0,112.30569432372025,139.12226649868163,102.04947473924221,121.99676139457557
1143.0,115.71101101801662,138.90345302277632,105.42510396263738,121.65626307502762
1146.0,118.84861133777603,138.57565691449466,108.52450092634906,121.21955607445919
1149.0,121.52706064528185,138.15651684467952,111.15682798506646,120.70372823330943
1152.0,123.58412317659042,137.66176226300013,113.16059721618768,120.12384669383819
1155.0,124.98864426612738,137.1053129335284,114.50553677783333,119.49309701616355
1158.0,125.90086398691474,136.49941020407792,115.35287970241154,118.82294682333351
1161.0,126.52830633939433,135.85476121417864,115.91122069538818,118.12331565210573
1164.0,127.08347688971564,135.18068632191432,116.394176345739,117.40274205135847
1167.0,127.76209988905552,134.48526321343908,116.99858284041207,116.66854226479552
1170.0,128.64037689309694,133.77546321111345,117.80171629962452,115.92695694925112
1173.0,129.6130271290828,133.0572784479355,118.69929869632108,115.1832852943651
1176.0,130.53439175801103,132.33583787011702,119.54657356936102,114.44200533191982
1179.0,131.25834365574633,131.6155120975953,120.19819443993525,113.70688105123001
1182.0,131.6378266784346,130.90000737319374,120.50775040994338,112.98105705979015
1185.0,131.524559033912,130.19244916546032,120.32746339960508,112.26714176590438
1188.0,130.76886825593778,129.4954561758434,119.5080238270074,111.5672801604989
1191.0,129.21962756703863,128.81120558655826,117.89853346018015,110.88321728907113
1194.0,126.7242672074301,128.14149040562788,115.34652776679442,110.21635346569789
1197.0,124.08366492595889,127.48776974423791,112.65288065013019,109.56779221196932
1200.0,122.60330932329867,126.85121281539044,111.1229840108114,108.93838181966005
1203.0,121.28053327081585,126.23273738323536,109.75399824159288,108.32875134663338
1206.0,120.11269667855177,125.63304332695725,108.54305199360033,107.73934176693845
1209.0,119.0962634264399,125.05264191661371,107.48633529383932,107.17043291192908
1212.0,118.22693124888809,124.49188133392144,106.57924426945928,106.62216676142963
1215.0,117.49975474356341,123.95096891044487,105.81651729900713,106.09456757339967
1218.0,116.90925909354051,123.42999049991961,105.19235998880336,105.58755927739
1221.0,116.44954311896183,122.92892735089828,104.70055753046478,105.100980501123
1224.0,116.11437101357598,122.4476708005697,104.33457383637548,104.63459755032615
1227.0,115.89440502913499,121.9860350702672,104.08478983150019,104.18811561891322
1230.0,115.7630364933043,121.54376840751732,103.92433845223118,103.76118846914011
1233.0,115.66790110321136,121.12056278810141,103.80062248867557,103.35342678883377
1236.0,115.55085968964414,120.71606236408763,103.65529667266944,102.96440540462405
1239.0,115.3537308533323,120.32987081973715,103.43000062092432,102.59366950575499
1242.0,115.02556871540364,119.96155777619909,103.07363607528656,102.24074001202243
1245.0,114.55893162148385,119.61066436762349,102.57863446559601,101.90511820123638
1248.0,114.01164075345221,119.2767080954117,102.00271391794246,101.58628969595668
1251.0,113.45602710112253,118.95918705348736,101.41812431066285,101.28372789575425
1254.0,112.96441900930668,118.65758360544251,100.89713272479341,100.99689692961147
1257.0,112.59714066307963,118.37136758396892,100.5000197650707,100.72525419303595
1260.0,112.34258460991228,118.09999907389806,100.21514994681354,100.46825252580271
1263.0,112.08123075891473,117.8429308322884,99.92298867056843,100.22534207876087
1266.0,111.66944228361842,117.59961039213405,99.47989627905693,99.995971911687
1269.0,110.9633583561463,117.36948189030923,98.74201918000395,99.77959135858458
1272.0,109.84232750907658,117.15198765517064,97.58872187510309,99.57565119200599
1275.0,108.32635856623519,116.94656958472795,96.0400368684375,99.38360461379648
1278.0,106.64656217231618,116.7526703423582,94.32710550364995,99.20290809604526
1281.0,105.08054655367575,116.56973439361437,92.72757336745516,99.03302209289382
1284.0,103.90535400888959,116.39720890469222,91.51852674736975,98.87341164113516
1287.0,103.36704138349447,116.23454452051388,90.94607336968494,98.72354686517885
1290.0,103.5287367141612,116.08119603811105,91.07339955583518,98.58290339990722
1293.0,104.17950228920105,115.93662298900549,91.68963397860848,98.45096274316839
1296.0,105.04710700613686,115.80029013717193,92.52262081734506,98.32721254270841
1299.0,105.85889031316852,115.67166784598109,93.29978450562886,98.21114676891624
1302.0,106.36940838537896,115.55023261388497,93.77577662364824,98.10226607316402
1305.0,106.49822828226581,115.43546731306253,93.87027058559855,98.00007786287115
1308.0,106.41266528067086,115.32686146755366,93.75069923068479,97.90409642966755
1311.0,106.33519303278266,115.2239114935509,93.63966490013496,97.81384305204531
1314.0,106.48850752328238,115.12612090662965,93.76000293108113,97.72884607628038
1317.0,107.07618396236737,115.03300050033332,94.31543768817568,97.64864097917993
1320.0,108.18548830115598,114.94406850003182,95.39339283139083,97.57277041579982
1323.0,109.72907725528134,114.85885069547757,96.90668974332776,97.50078425485326
1326.0,111.58123492151836,114.77688055502965,98.7297822595446,97.43223960414497
1329.0,113.616805875038,114.69769932411356,100.73768766342987,97.36670082802196
1332.0,115.71119534313345,114.62085611012895,102.80598462415446,97.30373955852902
1335.0,117.7403517529103,114.5459079557039,104.81079346024674,97.24293470169431
1338.0,119.5807351624309,114.47241990191955,106.62874232001693,97.18387244013738
1341.0,121.10927512944662,114.3999650428896,108.1369229068148,97.1261462329924
1344.0,122.20332137336418,114.32812457286698,109.212839167455,97.06935681396119
1347.0,122.40631723002646,114.25648782686592,109.40007899295281,97.01311218815897
1350.0,121.4517676296108,114.18465236215364,108.43228069754782,96.95702767307449
1353.0,120.31157932183015,114.11222396293014,107.2814720222199,96.9007258705615
1356.0,119.00096859871061,114.03881656945272,105.96297692234148,96.84383656973918
1359.0,117.53530609449297,113.96405237330609,104.49225971726378,96.78599681334902
1362.0,115.9300712662406,113.88756183607933,102.88487919438673,96.72685089531905
1365.0,114.20081137835533,113.80898370435497,101.15644747256052,96.66605035820761
1368.0,112.3631052182761,113.72796502139441,99.32259382835039,96.60325399089353
1371.0,110.43253156766454,113.64416113586122,97.39893348214244,96.53812782672165
1374.0,108.42464230052892,113.55723570827647,95.40104118623427,96.47034514264487
1377.0,106.36223668580305,113.46686071395337,93.3517261625041,96.3995864579627
1380.0,104.31182702970526,113.37271644351432,91.31749849555818,96.32553953359839
1383.0,102.40551440733945,113.2744915007078,89.43044570275704,96.24789937149475
1386.0,100.789899580043,113.17188279750391,87.83714455156115,96.16636821396911
1389.0,99.61148095229066,113.06459554643041,86.684059954374,96.0806555428558
1392.0,98.9975187900489,112.95234325009493,86.09841014182828,95.9904780782545
1395.0,98.96038184025508,112.83484768782985,86.09251423603854,95.89555977669482
1398.0,99.34015576701387,112.71183889938717,86.50640162405112,95.7956318285248
1401.0,99.93855276312456,112.58305516560637,87.14172247743772,95.69043265432623
1404.0,100.55717269376814,112.44824298597561,87.80000976473204,95.57970790016213
1407.0,101.00999177084773,112.30719791506537,88.29516874740574,95.46321043146206
1410.0,101.18579756897275,112.21396989877293,88.51591276467971,95.34070032535533
1413.0,101.08565196811384,112.20656344050627,88.46322688836557,95.21194486126599
1416.0,100.7354908918103,112.24730131748271,88.16296831440067,95.0767185095913
1419.0,100.16115626263522,112.32044935781624,87.64089891194314,94.93480291752066
1422.0,99.39384990441042,112.41913864328893,86.92813965983092,94.81076053299404
1425.0,98.49738343384709,112.54012429494044,86.08842101433542,94.77758547845235
1428.0,97.5845302884546,112.68163434884976,85.234435357057,94.7985771939559
1431.0,96.77888812928657,112.84250153848231,84.48969976411782,94.85319449269181
1434.0,96.20398598719468,113.02181766733158,83.97766346833713,94.93313119454984
1437.0,95.96513967857067,113.21878537419018,83.80356354368382,95.03465221271172
1440.0,96.05870889789429,113.4326685444894,83.96368222282562,95.15590747291799
1443.0,96.3176532308378,113.66276639034375,84.29090309511899,95.29574907432264
1446.0,96.5385834286696,113.90840358568275,84.58176252939245,95.45331416342597
1449.0,96.51806475576979,114.16892593040546,84.63275313689729,95.62786265183433
1452.0,96.08010299718465,114.44369830098054,84.26780986481516,95.81871354284048
1455.0,95.2135580929142,114.73210355587211,83.4757236903424,96.02521964372104
1458.0,94.15459363569369,115.03354184595923,82.49259115527158,96.24675731347016
1461.0,93.19430655096377,115.34743010154772,81.60944406273666,96.48272213946737
1464.0,92.62376636812358,115.6732016003863,81.11728874798816,96.73252697082323
1467.0,92.7039679815844,116.01030557626218,81.27705882428005,96.99560089878614
1470.0,93.5155833102941,116.35820685078382,82.16936681489256,97.2713886245275
1473.0,94.86881321760714,116.71638548064243,83.60435603530982,97.55934999055566
1476.0,96.51374150547869,117.08433641674074,85.3320545414713,97.85895958554254
1479.0,98.2004376056079,117.46156917333731,87.10247776846464,98.16970638573909
1482.0,99.67895865351369,117.84760750502285,88.66563054719707,98.49109341648338
1485.0,100.69935140588052,118.24198908799852,89.77150896075759,98.82263742414573
1488.0,101.01165401001253,118.6442652181403,90.17010205051577,99.16386856892404
1491.0,100.36589763409995,119.05400051339227,89.61139338171239,99.51433012511701
1494.0,98.51210796679224,119.4707726219316,87.84536247794219,99.87357818926587
1497.0,97.97541220867245,119.8941719365339,87.39709174789711,100.24118139630227
1500.0,101.5640727491596,120.32380131489857,91.07480009854943,100.61672064329872
1503.0,104.18391895601198,120.75927580566841,93.7842746624896,100.99978882040935
1506.0,106.00420969391848,121.20022237987956,95.69473325634897,101.38999054859879
1509.0,107.19420416220217,121.64627966758866,96.97539516068557,101.78694192377915
1512.0,107.92316277146321,122.0970976994429,97.79548194143429,102.19027026699814
1515.0,108.36034793997686,122.55233765297736,98.32421819394176,102.59961388034964
1518.0,108.67502481560831,123.01167160344025,98.7308322154901,103.01462180829891
1521.0,109.03646192865415,123.47478227896694,99.18455661180704,103.43495360413864
1524.0,109.61393178067631,123.9413628199372,99.8546288426709,103.86027910131486
1527.0,110.5480708470561,124.41111654236727,100.88165118433768,104.29027818938036
1530.0,111.80767741665983,124.88375670520146,102.23438853215072,104.72464059435448
1533.0,113.10379043480071,125.35900628138202,103.62384720945408,105.16306566324309
1536.0,114.09017356941685,125.83659773258799,104.70375900264557,105.60526210627233
1539.0,114.42059659888437,126.31627278754333,105.1278625206813,106.05094786709624
1542.0,113.79348346531192,126.79778222446586,104.59455122275949,106.49984992264599
1545.0,112.17515132891168,127.28088565821837,103.07011244964437,106.95170404510311
1548.0,109.93375406932176,127.76535131119631,100.92267090436434,107.40625460557547
1551.0,107.5267481605533,128.25095582636183,98.60965450880937,107.86325438080344
1554.0,105.41159731448397,128.737484053674,96.58849903099782,108.32246436292301
1557.0,104.01137375357905,129.2247288786204,95.28224934354004,108.78365357225054
1560.0,103.54276400663528,129.71249099149054,94.90756520694114,109.24659887303058
1563.0,103.9128724081479,130.20057869332481,95.37152475819008,109.71108090101053
1566.0,104.96001320797015,130.688807704166,96.51241661115588,110.17689692686305
1569.0,106.52250834633864,131.1770009739637,98.16853762371844,110.64384594001578
1572.0,108.43296130044868,131.6649884962886,100.17246673767731,111.11173400873622
1575.0,110.48962617615271,132.15260712492082,102.32243406487615,111.58037431928663
1578.0,112.43922915428169,132.63970039333657,104.36514232891268,112.04958701602953
1581.0,114.01705177037852,133.12611696353426,106.03585014110064,112.51919888602967
1584.0,114.95838325858233,133.61171539677977,107.06982434130603,112.98904319095514
1587.0,115.03313836346433,134.09635786225041,107.2369578073478,113.45895950458895
1590.0,114.21894653615283,134.57991264149436,106.51485864919916,113.92879355429106
1593.0,112.80500542373679,135.0622539239136,105.19270369688203,114.39839706562128
1596.0,111.14975586356266,135.5432616250416,103.62891349358162,114.86762760973993
1599.0,109.61164611302905,136.02282117367358,102.18191652450315,115.33634845339864
1602.0,108.52190214005509,136.50082334858476,101.18291950657186,115.80442841142408
1605.0,108.04837938881312,136.9771641260788,100.79975915349817,116.27174170671219
1608.0,108.11387379891981,137.4517445638056,100.95521319434019,116.73816787315734
1611.0,108.58672911542288,137.92447059572996,101.5176076828446,117.20359251310448
1614.0,109.33529604622461,138.39525287749908,102.35527615415734,117.66790763884084
1617.0,110.23023792471658,138.86400664907546,103.33886528663297,118.13100886501286
1620.0,111.15605944274037,139.33065550744953,104.35286363381944,118.59279619887302
1623.0,112.01802384340354,139.79512505159178,105.30251881611261,119.05317407386106
1626.0,112.72601242627739,140.2573444648212,106.09769702457791,119.5120513026823
1629.0,113.18991289263514,140.71724678430766,106.64827136457268,119.96934099176694
1632.0,113.31961922562819,141.1747688739649,106.86412173404625,120.42496043774419
1635.0,113.02503156876027,141.62985135041495,106.65513469986001,120.87883101612329
1638.0,112.21605610296436,142.0824384863326,105.93120337241982,121.33087806722318
1641.0,110.8026049225679,142.53247810352602,104.60222727889558,121.78103078184904
1644.0,108.69459591041065,142.9799214620438,102.5781122352856,122.22922208795543
1647.0,106.8992609694779,143.42472314851034,100.8660785746838,122.67538853890625
1650.0,107.09434415131636,143.86684096531815,101.14385927201641,123.11947020363236
1653.0,108.28302320071668,144.30623582150042,102.41462148473175,123.56141055882993
1656.0,110.21577812319521,144.7428716256946,104.4288351159785,124.0011563832654
1659.0,112.6430940836753,145.17671518139556,106.93697570867812,124.438657654212
1662.0,115.31546128110935,145.6077360845881,109.68952431523763,124.87386744602388
1665.0,117.98337482364292,146.03590662379247,112.43696736751295,125.30674183084169
1668.0,120.3973346044657,146.4612016825232,114.92979654717558,125.73723978141959
1671.0,122.30784517848181,146.8835986441517,116.91850865662607,126.16532307605863
1674.0,123.46541563992244,147.30307729914875,118.15360549058732,126.59095620563085
1677.0,123.66125143759555,147.71961975468193,118.42628564508541,127.01410628267595
1680.0,122.93071393762477,148.13321034653873,117.77190407368158,127.4347429525525
1683.0,121.675396114275,148.54383555335707,116.59204777156646,127.85283830662352
1686.0,120.37827887628775,148.95148391339075,115.36969209495336,128.26836679745617
1689.0,119.52234707754775,149.35614594256504,114.58781676460512,128.681305156015
1692.0,119.53433960889659,149.75781405523583,114.67315595032522,129.09163231082624
1695.0,120.50350031747254,150.15648248745978,115.71494918280607,129.4993293090912
1698.0,122.01282851467339,150.55214722230227,117.29619185394523,129.90437924086916
1701.0,123.53282742084568,150.9448059171902,118.88738365374786,130.30676716234063
1704.0,124.53400364414924,151.33445783329617,119.95902804127775,130.7064800227356
1707.0,124.5474179156954,151.72110376734776,120.0421829717699,131.10350659336746
1710.0,123.46743919262597,152.10474598584614,119.03121499158493,131.4978373981651
1713.0,121.7333970799271,152.4853881576601,117.3654516518134,131.8894646459926
1716.0,119.90572583868968,152.8630352926278,115.6053255082547,132.27838216474862
1719.0,118.54486260392787,153.23769368069856,114.31127233089487,132.66458533742195
1722.0,118.14719332405662,153.60937083289724,113.97967703499751,133.04807103904417
1725.0,118.82478284906809,153.9780754240811,114.72260376085899,133.42883757582914
1728.0,120.1132129472091,154.3438172374593,116.07563388204218,133.8068846262904
1731.0,121.41995995655697,154.70660711083863,117.44624364849787,134.1822131839087
1734.0,122.1525026220171,155.0664568845627,118.24191201510743,134.5548255013638
1737.0,121.7903687444475,155.42337935110658,117.94216728236282,134.92472503632592
1740.0,120.24536877892899,155.77738820629267,116.45882068621282,135.29191639878994
1743.0,118.07773596133143,156.128498002091,114.35210651623518,135.65640529992987
1746.0,115.99179906870879,156.47672410096854,112.32635486767651,136.01819850244988
1749.0,114.69188886562907,156.8220826317523,111.0858980794749,136.37730377240348
1752.0,114.81043678500129,157.1645904469695,111.26316940683532,136.7337298324545
1755.0,116.54846864675864,157.50426508163204,113.05919673172508,137.087486316551
1758.0,119.45990086041051,157.84112471342772,116.02789875730898,137.4385837259846
1761.0,122.9548490394831,158.17518812428645,119.5793936143507,137.78703338680597
1764.0,126.44343041276483,158.50647466328573,123.1238012645032,138.13284740856906
1767.0,129.37766715797082,158.83500421086183,126.11314682610833,138.47603864437505
1770.0,131.4610033476721,159.1607971442945,128.25087751235668,138.81662065218848
1773.0,132.77401509175473,159.4838743044307,129.61757276607838,139.15460765739732
1776.0,133.48108665543577,159.8042569636167,130.377620370196,139.4900145165888
1779.0,133.74660359209722,160.12196679480488,130.69540957310548,139.82285668251382
1782.0,133.73495268305754,160.43702584180494,130.73533102110832,140.1531501702128
1785.0,133.61052187901913,160.74945649064824,130.66177669263723,140.4809115242745
1788.0,133.53770024316506,161.0592814420342,130.63913983425172,140.8061577872024
1791.0,133.68087789588134,161.36652368482902,130.83181489838287,141.128906468861
1794.0,134.20444596107697,161.6712064705874,131.40419748280186,141.449175516976
1797.0,134.30166963629753,161.97335328906814,131.54955739401095,141.76698328866206
1800.0,132.95580471059148,162.27298784471466,130.25115515851707,142.08234852295277
1803.0,131.83551737549277,162.57013403407302,129.17766182735414,142.39529031430655
1806.0,131.05131994331327,162.86481592411965,128.43959468804906,142.70582808706465
1809.0,130.71372548451882,163.1570577314718,128.14747189580527,143.0139815708352
1812.0,130.93324778306828,163.44688380245483,128.41181242278566,143.3197707767798
1815.0,131.8204012931583,163.7343185939996,129.34313600893717,143.62321597477737
1818.0,133.48570109734567,164.01938665534547,131.0519631143297,143.9243376714439
1821.0,136.0396628660188,164.30211261052375,133.64881487298135,144.22315658898208
1824.0,139.5928028181904,164.58252114159714,137.2442130481417,144.51969364483952
1827.0,144.1963755764401,164.86063697263194,141.88941788186176,144.81396993215296
1830.0,149.54606359454988,165.13648485437932,147.280117517394,145.10600670095567
1833.0,154.8041908006625,165.4100895496432,152.57864163725034,145.39582534012683
1836.0,159.01455731307922,165.6814758193132,156.82879617403603,145.6834473600614
1839.0,161.220963621524,165.95066840903945,159.0743874868835,145.96889437603966
1842.0,160.59381450090223,166.21769203650877,158.48582627051547,146.25218809227533
1845.0,157.06313870869306,166.48257137914118,154.99314724807354,146.53335028662363
1848.0,151.69840079218844,166.7453310622884,149.66582097392526,146.81240279592714
1851.0,145.82227344053928,167.0059956484311,143.82652618140872,147.08936750198293
1854.0,140.75742956598177,167.26458962691518,138.79794185988558,147.36426631810994
1857.0,137.71621345604646,167.52113740414507,135.79241840290447,147.63712117629913
1860.0,137.24899664159634,167.77566329424647,135.36033347231933,147.90795401492815
1863.0,138.91321046173792,168.29810699907938,137.05912455940384,148.4463702931086
1866.0,142.04626264360985,169.9261889872775,140.22620513308857,150.08712373847072
1869.0,145.98907401792835,172.3750040871553,144.20248044413233,152.53754535293334
1872.0,150.12116749000725,175.16654152038248,148.36730942629958,155.3024506796819
1875.0,154.01564658505032,177.92680813041062,152.29324373590785,157.9864675693877
1878.0,157.52738985842228,180.3793658594214,155.83410900416646,160.2940616867481
1881.0,160.57021112872474,182.3320886810254,158.9022527033542,162.01919028480853
1884.0,163.05155651384405,183.66227673733968,161.40339966618126,163.03132807615512
1887.0,164.87679943522613,184.3025828135256,163.24110570470572,163.26136238678242
1890.0,165.97554427865455,184.24700723623144,164.34319549064477,163.09836262925657
1893.0,166.31813453873033,184.04159701245862,164.67837377467623,162.95948043032485
1896.0,165.88051183286004,183.813924042756,164.22115711090942,162.71039937891805
1899.0,164.6348854802048,183.46549753215265,162.9425896501009,162.29026275103294
1902.0,162.579880824687,182.9556328470021,160.84041601004358,161.68120324290732
1905.0,159.8877504075872,182.27555572935316,158.0863001076296,160.88866334871992
1908.0,156.99276008275757,181.43350909949382,155.11420633659154,159.92998138165797
1911.0,154.38631285912675,180.4461321206029,152.41550953059817,158.82771803846822
1914.0,152.5589056552016,179.33352254696854,150.4809318959731,157.60586618982234
1917.0,151.94941309834473,178.11646902082128,149.74980340880768,156.28774595072122
1920.0,152.6879008002249,176.8149443454415,150.3528498491246,154.89490352826746
1923.0,154.44197454236502,175.44733932327645,151.958516051081,153.44661219193594
1926.0,156.77998784420916,174.0301271763987,154.1361474584714,151.9597211466363
1929.0,159.27518681386192,172.57778442749918,156.4601091089327,150.44871146001094
1932.0,161.50584953140034,171.10285138229736,158.5098993094914,148.9258587265038
1935.0,163.05493203028274,169.6160602104653,159.8697700521638,147.4014404345359
1938.0,163.50938986806534,168.12650148155774,160.12802324448214,145.88396452030466
1941.0,162.45934618652012,166.6418016838337,158.87615389648377,144.3803950857119
1944.0,159.4972399544801,165.16829812286875,155.70797434814685,142.8963643306956
1947.0,156.48984165969938,163.71120373258157,152.49160729185195,141.43636532393643
1950.0,155.98661312555703,162.2747576557435,151.7778247823357,140.00392327169044
1953.0,154.60325697859045,160.86236096184223,150.18357923801608,138.6017460093194
1956.0,152.5423016431283,159.47669675256327,147.91257269628642,137.23185429481302
1959.0,150.005879817159,158.11983557248288,145.16802253818585,135.8956938274651
1962.0,147.19552504438457,156.79332724153392,142.1524484195225,134.5942309550162
1965.0,144.3120461333899,155.49828040993438,139.06754014477787,133.3280340543454
1968.0,141.55546191977285,154.23543117903648,136.11408884297856,132.09734247406632
1971.0,139.1249810817728,153.00520209105554,133.49196591981013,130.90212476962782
1974.0,137.2190142937904,151.80775270410774,131.40013676068713,129.74212777841598
1977.0,136.015440894552,150.6430228601272,130.0169310050879,128.61691789528405
1980.0,135.5728192481623,149.51076963674683,129.40125819191974,127.5259157300758
1983.0,135.77114068591274,148.4105988590155,129.43336828456495,126.46842516436666
1986.0,136.45026378721877,147.34199193794876,129.95329347108893,125.44365767753739
1989.0,137.44951128155472,146.3043287030029,130.80045318754907,124.45075268292226
1992.0,138.60499971122522,145.2969068056978,131.81099220769516,123.48879450244668
1995.0,139.73604379781273,144.31895819192144,132.80419348743948,122.55682651151393
1998.0,140.6370184665301,143.36966307050932,133.5743485075535,121.65386290329313
2001.0,141.0965231356327,142.44816174478598,133.90992955385948,120.77889845130048
2004.0,140.90288839621297,141.55356462100576,133.5991039326696,119.93091658962248
2007.0,139.88081135803358,140.68496066216127,132.46637630614126,119.10889607979593
2010.0,138.0743643096428,139.84142451654697,130.5556037369724,118.31181649089272
2013.0,135.85680991840377,139.02202251696548,128.23981663673032,117.53866268356867
2016.0,133.67446725935642,138.22581771779642,125.96508989821511,116.78842845869808
2019.0,131.97354558675127,137.45187411263973,124.17738113558266,116.06011950585486
2022.0,131.14616192602807,136.69926015433137,123.26855213425075,115.35275576555324
2025.0,131.26035209693475,135.96705168126505,123.30638315632626,114.66537330119561
2028.0,131.89807749021261,135.25433433872465,123.87258246673485,113.99702576155701
2031.0,132.53323071521515,134.5602055709326,124.44079424529966,113.34678550189737
2034.0,132.63963334134814,133.88377624843426,124.48459815852581,112.71374442106973
2037.0,131.75297449476673,133.22417198597796,123.5394494046651,112.09701456294758
2040.0,129.78053434484735,132.580534197975,121.5124033186008,111.49572852287277
2043.0,127.18700569020987,131.9520209317338,118.86793779711988,110.90903969339065
2046.0,124.56083161909876,131.33780751277172,116.19429156801439,110.33612237810902
2049.0,122.49027710372138,130.73708703148154,114.07953620825901,109.77617179792887
2052.0,121.50516923426761,130.1490706961269,113.05331665886624,109.22840401002088
2055.0,121.7857424619848,129.57298807346828,113.2956966430939,108.69205575664188
2058.0,122.98793255081333,129.00808723517468,114.46245271937852,108.16638425811382
2061.0,124.65091039847312,128.45363471030328,116.0926081554619,107.65066685082822
2064.0,126.31350791661391,127.90891570163018,117.72485883180272,107.14420090879456
2067.0,127.54789353549245,127.373233958914,118.93124875051353,106.64630346219181
2070.0,128.12799791491517,126.84591165880218,119.48559573440303,106.15631084623863
2073.0,128.13058954226577,126.32628926989301,119.46456699214916,105.67357835831328
2076.0,127.69953096758394,125.81372538829989,119.01193528810467,105.19747990739505
2079.0,126.9784682284222,125.30759654918292,118.27126825297694,104.72740765928819
2082.0,126.11089910218786,124.80729701896692,117.38599645381888,104.26277168057334
2085.0,125.24024839042505,124.31223857227002,116.4994884083224,103.80299958370827
2088.0,124.50994524368784,123.821850256924,115.75512753504258,103.34753617521655
2091.0,124.06349769143046,123.33557814992494,115.29638619172948,102.89584310848487
2094.0,124.04456021225198,122.85288510666388,115.26689263136657,102.44739854233103
2097.0,123.81530618404207,122.37325050538114,115.02880271717743,102.0016968062036
2100.0,122.69056936118437,121.8961699884439,113.89694055301541,101.55824807261831
2103.0,122.20248483428537,121.42115520173537,113.40343850070474,101.11657803723187
2106.0,122.25440380826394,120.94773353320477,113.451650941787,100.67622760677448
2109.0,122.74998658233895,120.47544785140664,113.94524619262734,100.23675259492398
2112.0,123.59319991734156,120.0038562446783,114.78820278563944,99.79772342608607
2115.0,124.68830576396564,119.53253186937889,115.88479711766266,99.3587249509213
2118.0,125.93984322192962,119.06106248694299,117.13958436136336,98.91935596781379
2121.0,127.25260555657633,118.5890502794079,118.45737448928324,98.47922901926746
2124.0,128.53161395151974,118.11611162115676,119.74320510853084,98.03797015049214
2127.0,129.68844985685473,117.64187682558652,120.90867298078737,97.59521864845695
2130.0,130.67302833575525,117.16598989449533,121.90370664119322,97.1506267879291
2133.0,131.49265103825664,116.68810826982582,122.73561875134513,96.7038595836916
2136.0,132.16745641430845,116.20790258770683,123.42455580094534,96.25459454851095
2139.0,132.71767358679904,115.72505643480352,123.99075157776132,95.80252145652751
2142.0,133.16115103939418,115.23926610636393,124.45205555676256,95.34734211115351
2145.0,133.5010954598926,114.75148668307524,124.81167154283591,94.88877011759553
2148.0,133.71870899810094,114.33418957705683,125.05079481804657,94.42653065948176
2151.0,133.79030916078025,114.00071925332492,125.14573200678765,93.96036027924897
2154.0,133.69221084737228,113.72089183794967,125.07278315263949,93.4900066619678
2157.0,133.4040430649596,113.48043617203182,124.8115585352549,93.01522841931951
2160.0,132.9253819507435,113.27219470508055,124.3616118455185,92.55561936906096
2163.0,132.28487039578107,113.49559582139922,123.75156000470108,92.59034706436404
2166.0,131.5157057167466,115.31195757535234,123.01457074261685,94.22476261648968
2169.0,130.6553550592798,118.18168847501666,122.18805997336837,96.87501569223417
2172.0,129.75787139649532,121.43125918586834,121.32589645397992,99.8525637922123
2175.0,128.90594443752715,124.60761864828149,120.51024532548874,102.74753717119185
2178.0,128.21796315830608,127.42687348697103,119.85854116122442,105.61852611716918
2181.0,127.82184068633697,130.12228977137556,119.49740203638683,108.36261419485338
2184.0,127.84292409186696,132.68908696447193,119.5506863267965,110.88232185329898
2187.0,128.38282558238078,135.01972456168022,120.11846436422977,113.12476178410557
2190.0,129.43841141445705,137.06294805313271,121.19612008467936,115.06504785622171
2193.0,130.85441673888613,138.79968614434782,122.6270465821315,116.6969418744959
2196.0,132.4351569702951,140.2300729424423,124.2144089627721,118.02695023621938
2199.0,133.97739912234766,141.36595450822128,125.75404350082238,119.07017233815644
2202.0,135.29282379435844,142.22624913174675,127.05692993508657,119.84723962370782
2205.0,136.31551778784097,142.8338732993622,128.05668256783008,120.38197123465565
2208.0,137.16670302287352,143.21364376544122,128.8742705912579,120.69960967819641
2211.0,138.00647032268807,143.3908220843977,129.6697398935858,120.82552105410275
2214.0,138.99249847539875,143.39011800320262,130.60091933732608,120.7842773017793
2217.0,140.2614478236145,143.235032088856,131.80480221847176,120.59904898756542
2220.0,141.82850677274178,142.94745144600085,133.29708160448618,120.2912410710507
2223.0,143.52814783026975,142.54743054229206,134.91289540228374,119.88031091125377
2226.0,145.16024027490965,142.05310642836542,136.45292673501814,119.38371532391193
2229.0,146.53232121492394,141.48071466070925,137.7256596401993,118.81695753088253
2232.0,147.45974186094116,140.84466515124475,138.54750553522217,118.19368902593234
2235.0,147.76505156761897,140.1576513378285,138.74216243864186,117.52584075205475
2238.0,147.27689859796496,139.430784710256,138.13948631743662,116.82377506270646
2241.0,145.8287134942025,138.6737382890144,136.57414173858854,116.09644240836644
2244.0,143.25737710288308,137.89489068811864,133.88423575843902,115.35153486784338
2247.0,138.59733159284087,137.10146521483875,129.1053955110183,114.59563155410191
2250.0,131.92533156295525,136.2996603143274,122.31548862203971,113.83433283031076
2253.0,126.78981046744869,135.4947703841817,117.06396336298366,113.07238281902423
2256.0,123.0797293744049,134.69129539712875,113.2406767542247,112.31377919946974
2259.0,120.68332825929534,133.89303953713312,110.73463146394533,111.5618708874825
2262.0,119.48782574305363,133.10319922430102,109.43366753160336,110.81944430605905
2265.0,119.37924197610798,132.32444117613298,109.22428328727636,110.08879915914042
2268.0,120.24231728798598,131.55897129607692,109.99155741376504,109.37181470532995
2271.0,121.96050244171394,130.80859523768575,111.61914709192231,108.67000753581934
2274.0,124.41600015316916,130.0747714942836,113.98934087578527,107.98458182184186
2277.0,127.47528392122851,129.3586578310543,116.96859131055325,107.31647293170926
2280.0,130.91640884411223,128.66115182349267,120.33484099145224,106.6663852393061
2283.0,134.38544914392486,127.98292620301318,123.73397591580752,106.03482486342489
2286.0,137.4985145633383,127.32445964373035,126.78185756143017,105.42212799591948
2289.0,139.87097867330897,126.68606355811282,129.09356615137153,104.82848539949094
2292.0,141.15511404448057,126.0679054059179,130.32104962994117,104.25396358469848
2295.0,141.22782564670197,125.47002896192537,130.34086942680275,103.69852311127141
2298.0,140.30332321888375,124.89237193422122,129.36688358663991,103.16203440110534
2301.0,138.67052144142147,124.33478127630116,127.68765603434292,102.64429139926368
2304.0,136.61806206832662,123.79702649300924,125.5914861518109,102.14502337441473
2307.0,134.41940601846142,123.27881120199322,123.35150674568382,101.66390511090614
2310.0,132.25802368487945,122.77978317859618,121.15087878765758,101.20056571052653
2313.0,130.18252236488286,122.2995430824847,119.03792197977711,100.75459619236534
2316.0,128.21149592440705,121.83765203841418,117.03096642249747,100.32555605352695
2319.0,126.36350025724326,121.39363822095417,115.14832911463341,99.91297893126912
2322.0,124.65474713616487,120.96700257332486,113.40600804791475,99.5163774879904
2325.0,123.08748220850616,120.55722377341378,111.80605980621846,99.13524762396656
2328.0,121.64300774767409,120.16376254518845,110.32962142704724,98.76907210849122
2331.0,120.29796425831287,119.78606540084078,108.95319075579533,98.41732370778576
2334.0,119.02896853690109,119.42356788781763,107.65326301343273,98.07946787745871
2337.0,117.8167295127064,119.07569740519318,106.41044500747314,97.75496507815141
2340.0,116.66671909829577,118.74187564542535,105.23012430700439,97.44327276513344
2343.0,115.62155067844563,118.42152071024032,104.15484608958334,97.14384709580204
2346.0,114.73193595460486,118.11404894304962,103.23526844418271,96.85614439317217
2349.0,114.0483407988344,117.81887651480831,102.52181683965375,96.57962239836247
2352.0,113.60889200038916,117.53542079544039,102.05258968594077,96.31374134069846
2355.0,113.37917502519781,117.26310153880839,101.79315514040607,96.05796485025517
2358.0,113.21609070279291,117.00134190559407,101.60040709298312,95.81176073437278
2361.0,112.9519938395315,116.74956934531377,101.30670333391367,95.57460163683244
2364.0,112.41871315838645,116.50721635596204,100.74388529368807,95.34596559590835
2367.0,111.46615594885955,116.27372113739202,99.7618827115928,95.1253365153676
2370.0,110.05540488231068,116.04852815247006,98.32181064456232,94.91220456063012
2373.0,108.31461075984146,115.83108857034149,96.55186252486466,94.70606645556211
2376.0,106.40874946339761,115.62086070699928,94.61706746681304,94.50642578568942
2379.0,104.50248455145478,115.41731044125402,92.68215318636535,94.31279328761913
2382.0,102.76028027698247,115.21991146168173,90.91165923292864,94.12468699006055
2385.0,101.34652458164985,115.02814552019882,89.47006001485647,93.94163236796022
2388.0,100.42565376320454,114.84150264750883,88.52188925550483,93.76316246844844
2391.0,100.16227095981402,114.65948133521208,88.2318579813336,93.58881801246463
2394.0,100.7212518476365,114.4815886889944,88.76495941726773,93.41814747571817
2397.0,100.53392044323499,114.30734055680918,88.55264368236583,93.25070715223274
2400.0,98.00186620225921,114.13626163546759,85.99663350011684,93.08606120329141
2403.0,96.57683423325952,113.96788555859617,84.54881278361358,92.92378169420635
2406.0,96.05978457529926,113.80175496851211,84.01028409976654,92.7634486209825
2409.0,96.25218237841244,113.63742157421024,84.18265691609292,92.60464992863484
2412.0,96.95598723508778,113.47444619734074,84.86803494649467,92.44698152264925
2415.0,97.97362899329394,113.31239880778186,85.86898999369464,92.29004727483824
2418.0,99.10797320941043,113.1508585501725,86.98852550873102,92.13345902463884
2421.0,100.16227928034544,112.98941376255996,88.03003296067452,91.97683657671934
2424.0,100.94015401327451,112.82766198813653,88.79724381876126,91.81980769560522
2427.0,101.27031852394941,112.6652100599428,89.11899507055868,91.66200817054987
2430.0,101.13063695443051,112.50167397398596,88.97325678850126,91.50308168910797
2433.0,100.72251551322819,112.33667889271827,88.56153025867377,91.3426798332219
2436.0,100.29714893498596,112.16985917511525,88.13509377036691,91.18046210254977
2439.0,100.10584779198723,112.00085836370486,87.94532949198677,91.01609590077767
2442.0,100.36996828094907,111.8293291677973,88.21365304354183,90.84925652090824
2445.0,101.13071663338124,111.65493344304161,88.98131789579091,90.67962712949198
2448.0,102.15902244602334,111.47734216789891,90.01928887091748,90.50689875023394
2451.0,103.16573981907979,111.29623541695109,91.03844360871368,90.33077024676088
2454.0,103.86169058209501,111.11130233070566,91.74961625347386,90.15094830409033
2457.0,103.99440859142683,110.92224108251132,91.90034232098579,89.96714740929198
2460.0,103.53193591979996,110.72875884243439,91.45865554238569,89.77908983106943
2463.0,102.77309785467386,110.5305717381058,90.72336357933563,89.58650559816115
2466.0,102.09015936038554,110.3274048125346,90.06670524506451,89.38913247644624
2469.0,101.85529457442226,110.11899197886899,89.86082078332328,89.18671594463184
2472.0,102.39283404941375,109.90507597207929,90.42999990079691,88.97900916839268
2475.0,103.74051941189488,109.6854082975315,91.81193721026017,88.7657729728298
2478.0,105.50625672161996,109.45983406103295,93.61448635673524,88.5467758131156
2481.0,107.20235702583722,109.29673245328189,95.34990131166703,88.32179374319142
2484.0,108.34103498944529,109.21477252950353,96.53033570862607,88.09061038238973
2487.0,108.50540924482627,109.18003092457711,96.73884385872569,87.85301687985394
2490.0,107.70449566417548,109.17813689162128,95.9843746445774,87.60881187567682
2493.0,106.5862050181913,109.20258020660192,94.91476975406444,87.38928624718095
2496.0,105.94036037805738,109.25017932267914,94.31978160950284,87.2612264217019
2499.0,106.55670510793331,109.31914446124645,94.98908183907164,87.18679466791843
2502.0,109.11098221056528,109.40827556342498,97.59834105364651,87.14669300816742
2505.0,113.59531396687655,109.51663064878726,102.13960887111176,87.13281806353113
2508.0,118.97643150707913,109.64338997480152,107.57954382745527,87.14145650202622
2511.0,123.99315386394738,109.78779201314272,112.65689272746738,87.17066686324665
2514.0,127.3842422062238,109.94911471106326,116.11034513549914,87.21925626568893
2517.0,128.0100188327747,110.12666341410304,116.80015258958801,87.2863289243418
2520.0,125.4604450920934,110.31976604306172,114.31620670636238,87.3711206526773
2523.0,120.41935476344514,110.98314306736783,109.3422727171866,87.92320560456736
2526.0,113.81234649827414,113.40223375594104,102.80388180548482,90.18750292593626
2529.0,106.56893621680803,116.93671118333616,95.63047012886834,93.49590533754818
2532.0,99.63043957564875,120.83833102673749,88.7631786351092,97.10076101203074
2535.0,93.94634592680595,124.61992555677018,83.1510721651085,100.51917143330705
2538.0,90.47140813141189,127.95912188732953,79.74816044630106,103.46416716960724
2541.0,90.16432464934702,130.7842405544033,79.51214409365562,106.32968209398808
2544.0,93.98465230202304,133.57612963496166,83.40143491729901,109.10719046054889
2547.0,97.45065151898835,136.20343668033235,86.93310321960382,111.6508586423
2550.0,95.12910382059,138.55440748895757,84.67277474029652,113.89543041879872
2553.0,96.3899467761222,140.58363636428976,85.98931924783187,115.81711918355175
2556.0,100.49983309898914,142.2804684219663,90.14844064520925,117.41507682160322
2559.0,106.7164057442431,143.65315730628058,96.40696622960782,118.70180122541726
2562.0,114.28957155725507,144.72045793849122,104.0141238211113,119.6976523619906
2565.0,122.46262737883728,145.50677504932725,112.21266605098728,120.4273677289228
2568.0,130.47316940043336,146.03919530744463,120.23977669799618,120.91772585595928
2571.0,137.55392426961816,146.3455804721431,127.3279002876154,121.19593652473927
2574.0,142.93382252787754,146.45331978822742,132.70581697917822,121.28853750616616
2577.0,145.92942639301313,146.38852929746116,135.69007504926338,121.22067092119912
2580.0,146.39610560981305,146.17556570053782,136.13617389789144,121.01564600225575
2583.0,145.00016775309803,145.8367639279666,134.71070212050728,120.69471408982943
2586.0,142.59331997614512,145.392330245111,132.2658049759762,120.2769903618594
2589.0,140.03514663109664,144.86035503366247,129.66166271145462,119.77948997112607
2592.0,138.11936690170228,144.25689507767655,127.6927413432998,119.21722934866642
2595.0,137.20039619495347,143.59609414690624,126.71433819564248,118.60336134393386
2598.0,136.96846728190008,142.8903329804323,126.4176782012984,117.94933537546777
2601.0,136.9709687251334,142.15038969391307,126.35121994075143,117.26506429373363
2604.0,136.76027086927846,141.38560100516972,126.06844420267942,116.55908896819264
2607.0,135.94405168221155,140.60401794499052,125.17814041580937,115.83873488860675
2610.0,134.4429990012304,139.81255181886624,123.6020706050316,115.1102571770582
2613.0,132.64511707008583,139.0171093292562,121.72924147428444,114.3789733260404
2616.0,131.04220969769784,138.22271507903736,120.05235900944868,113.64938239647879
2619.0,130.1256125726273,137.43362170413903,119.06353942125745,112.92527124825249
2622.0,130.3216115694745,136.65340806697748,119.18971377780858,112.20980850244048
2625.0,131.67054137097,135.88506625043718,120.47172048602727,111.50562717790062
2628.0,133.63425758940588,135.1310782526866,122.37177811158185,110.81489705064833
2631.0,135.5449197555426,134.3934833458215,124.22227485018286,110.13938780308382
2634.0,136.73324453486637,133.67393706100177,125.35403275779058,109.4805239952671
2637.0,136.60157430099304,132.973762723616,125.16939056227707,108.83943282494648
2640.0,134.98899829352092,132.29399640061473,123.50734103318575,108.21698556198923
2643.0,132.39048595869284,131.63542604964098,120.86268139190912,107.61383345603808
2646.0,129.44598662354323,130.99862558327843,117.87512997800619,107.03043882973498
2649.0,126.7945536600987,130.38398448623522,115.18346659401513,106.46710198740512
2652.0,125.01449835752058,129.79173355141782,113.36570121207981,105.92398449266338
2655.0,124.32363290390299,129.22196723414984,112.63933009355782,105.401129298949
2658.0,124.39945608881052,128.67466306300014,112.68153274169973,104.89847815473189
2661.0,124.79908837189964,128.14969849099305,113.04911627263515,104.41588664990873
2664.0,125.07931561857552,127.6468655222343,113.2985665470479,103.95313722128863
2667.0,124.82935595881497,127.16588340587867,113.01882063406248,103.50995039250398
2670.0,123.83436170860185,126.70640965144432,111.99477271179092,103.08599448659662
2673.0,122.1735372032745,126.26804958625179,110.3053944480798,102.68089401730177
2676.0,119.99138028066164,125.85036464676227,108.09497780655451,102.29423693713053
2679.0,117.43234654766957,125.45287957031745,105.50779961954802,101.92558089618801
2682.0,114.64087695673214,125.07508863181212,102.68814865415733,101.57445864479048
2685.0,111.76141565954984,124.71646105075111,99.78034232482011,101.24038269492212
2688.0,108.9384181075853,124.37644567758569,96.9287331906165,100.92284934001287
2691.0,106.3163492055208,124.05447505387333,94.27770519352781,100.62134211910636
2694.0,104.03967119441228,123.74996892836188,91.97165944560342,100.33533479990251
2697.0,103.05189940554064,123.46233730031545,90.95406781927603,100.06429394517158
2700.0,103.90699129924221,123.19098305205146,91.77885985173882,99.80768111840985
2703.0,104.36475073349916,122.93530422455912,92.20582498978085,99.56495477716014
2706.0,104.547345934459,122.69469598303849,92.35712871533718,99.33557189598378
2709.0,104.57672110289226,122.46855231310724,92.35472254147275,99.11898935550809
2712.0,104.57452446759636,122.25626748312828,92.32027073374613,98.91466512915824
2715.0,104.66203267428239,122.05723730351882,92.37507367756106,98.72205929501835
2718.0,104.96007639035221,121.87086020990756,92.63999279129811,98.54063489665214
2721.0,105.58897322526829,121.69653819353732,93.23538309017131,98.36985867358935
2724.0,106.66847483871331,121.53367759928827,94.28104026228678,98.20920167946375
2727.0,108.2923952523536,121.38168980907054,95.87082924431827,98.05813980343424
2730.0,110.4019066757275,121.2399918260438,97.945980560225,97.91615420846941
2733.0,112.70954607621641,121.10800677312525,100.21909758751107,97.78273169829703
2736.0,114.87665268458301,120.98516431161045,102.35159486092613,97.65736501793509
2739.0,116.56413626516422,120.8709009274196,104.00446714936791,97.53955303991039
2742.0,117.46255558067573,120.76466041332078,104.8683686372755,97.4288011325279
2745.0,117.44207398866543,120.66589403354247,104.81356905133728,97.32462124710455
2748.0,116.64249363811558,120.57406074103531,103.97998811550158,97.22653205647183
2751.0,115.2636396151178,120.48862736070399,102.56757961595144,97.13405906729987
2754.0,113.50555932557063,120.40906874322766,100.7765303207824,97.04673471005714
2757.0,111.56628365925806,120.33486789369651,98.80502028287866,96.9640984101971
2760.0,109.63015985783915,120.26551607879142,96.83755446046574,96.88569664375197
2763.0,107.86086435014542,120.20051291574454,95.03797395625989,96.81108298008957
2766.0,106.41790947641695,120.13936644587288,93.56596085551399,96.73981811419996
2769.0,105.46136804512625,120.08159319508317,92.58176068054706,96.671469890534
2772.0,105.12915956529693,120.02671822339713,92.22346638735635,96.6056133201106
2775.0,105.42346308579164,119.97427516524266,92.4934289208437,96.54183059234552
2778.0,106.14254380151868,119.92380626199056,93.1900815703447,96.47971108281939
2781.0,107.03970851463049,119.87486238798103,94.06689328738759,96.41885135800203
2784.0,107.86868418024989,119.82700307108362,94.877745257908,96.35885517776987
2787.0,108.40470268767046,119.77979650865466,95.39801392943123,96.29933349640064
2790.0,108.5501372967717,119.73281962893583,95.53020594863747,96.23990450697683
2793.0,108.39786283966288,119.6856580732557,95.36731714134466,96.18019361711993
2796.0,108.08323467592851,119.63790609958825,95.044810532653,96.11983335608326
2799.0,107.74176250021111,119.58916666336916,94.69828950423691,96.05846344363522
2802.0,107.49555161452753,119.5390514196054,94.44993869014817,95.99573079041639
2805.0,107.38569586997187,119.48718072236198,94.34091679742959,95.93128949799996
2808.0,107.33170175687195,119.43318362205554,94.29078080686283,95.86480085901194
2811.0,107.22604933676183,119.37669786086632,94.19204721988592,95.79593335752435
2814.0,106.96119175812929,119.3173698669279,93.93719206433173,95.72436267026949
2817.0,106.44425066631376,119.25485474593965,93.43334693943947,95.64977166728943
2820.0,105.67058738103471,119.18881627125413,92.67587094419355,95.57185041297365
2823.0,104.76794194922522,119.11892687210016,91.79249056860274,95.49029616707256
2826.0,103.89339631396027,119.04486761986018,90.94026376264526,95.40481338553798
2829.0,103.20393005774875,118.96632821230517,90.27613661751663,95.31511372102727
2832.0,102.85641457905035,118.88300695568145,89.9569384970937,95.22091602289842
2835.0,103.00760950134398,118.79461074453398,90.13937940078935,95.121946336515
2838.0,103.81416098317601,118.70085503914628,90.98004921086509,95.01793790167426
2841.0,105.43260162491808,118.60146384047515,92.63541850726432,94.90863114997147
2844.0,108.0193516969702,118.49616966245775,95.2618406645719,94.79377370090961
2847.0,108.85159560094063,118.38475431173715,96.13642913483451,94.67312035656825
2850.0,105.49619443289887,118.32125286087877,92.82597077964488,94.54643309464696
2853.0,104.27159531535838,118.34365225920362,91.64883591431231,94.41348105970322
2856.0,104.80738381669369,118.41426369596003,92.23453138060873,94.2740405524112
2859.0,106.73305150289968,118.51734621172754,94.21246869215685,94.1278950159176
2862.0,109.67800087833834,118.64601334471698,97.21196950941955,93.99960814491766
2865.0,113.27155046945376,118.7970096097558,100.86227119952525,93.96217264638453
2868.0,117.1429399679649,118.96855197437951,104.79253239944433,93.9788889501022
2871.0,120.9213353649939,119.15946203305894,108.6318385165598,94.0292169617659
2874.0,124.2358340206359,119.36882065511418,112.00920711415492,94.10485417582817
2877.0,126.75110541905906,119.59581955707554,114.58922893521856,94.202067786855
2880.0,128.34557495749348,119.83971200377694,116.25025191643081,94.31900965238296
